2011,5,1,7,109490.7017,15641.5288
2011,5,2,4,24319.7881,6079.947
2011,5,3,4,21664.3107,5416.0776
2011,5,4,8,113447.612,14180.9515
2011,5,5,10,156696.7946,15669.6794
2011,5,6,8,133887.7647,16735.9705
2011,5,7,1,3756.989,3756.989
2011,5,9,1,3756.989,3756.989
2011,6,1,18,60981.0886,3387.8382
2011,6,4,21,76473.7874,3641.6089
2011,6,6,6,20317.8212,3386.3035
2011,6,7,12,40635.6424,3386.3035
2011,6,8,10,39342.8846,3934.2884
2011,6,9,61,227909.4738,3736.2208
2011,6,10,13,41435.771,3187.367
2011,7,1,27,382000.8027,14148.1778
2011,7,2,8,80580.1708,10072.5213
2011,7,3,8,284715.0216,35589.3777
2011,7,4,44,444606.2534,10104.6875
2011,7,5,10,340236.6095,34023.6609
2011,7,6,30,388940.2996,12964.6766
2011,7,7,6,20120.8218,3353.4703
2011,7,8,13,45038.8796,3464.5292
2011,7,9,68,245904.8132,3616.2472
2011,7,10,17,60039.2106,3531.7182
2011,8,1,26,498284.263,19164.7793
2011,8,2,12,213412.417,17784.368
2011,8,3,13,149450.9539,11496.2272
2011,8,4,62,740982.8787,11951.3367
2011,8,5,19,347672.839,18298.5704
2011,8,6,24,515950.1135,21497.9213
2011,8,7,12,40860.2668,3405.0222
2011,8,8,7,24496.434,3499.4905
2011,8,9,53,196019.8234,3698.4872
2011,8,10,22,73446.183,3338.4628
2011,9,1,19,65159.7014,3429.4579
2011,9,4,36,125789.9102,3494.1641
2011,9,6,5,13182.348,2636.4696
2011,9,7,3,11861.9652,3953.9884
2011,9,8,13,44392.6314,3414.8178
2011,9,9,64,237125.7024,3705.0891
2011,9,10,17,57279.3496,3369.3735
2011,10,1,50,1110453.1514,22209.063
2011,10,2,16,321959.3717,20122.4607
2011,10,3,20,615507.9521,30775.3976
2011,10,4,73,1203590.231,16487.5374
2011,10,5,23,787533.0114,34240.5657
2011,10,6,43,754368.8119,17543.4607
2011,10,7,13,44617.2558,3432.0966
2011,10,8,14,47952.621,3425.1872
2011,10,9,65,240488.6926,3699.826
2011,10,10,10,29798.4302,2979.843
2011,11,1,37,135515.87,3662.591
2011,11,4,52,185001.3672,3557.7186
2011,11,6,11,40087.7632,3644.3421
2011,11,7,12,37678.782,3139.8985
2011,11,8,19,61528.9678,3238.3667
2011,11,9,82,295291.68,3601.118
2011,11,10,17,60208.585,3541.6814
2011,12,1,40,259058.2472,6476.4561
2011,12,2,4,65400.4476,16350.1119
2011,12,3,5,55307.5114,11061.5022
2011,12,4,43,254821.059,5926.0711
2011,12,5,8,215605.3235,26950.6654
2011,12,6,22,240170.9507,10916.8613
2011,12,7,11,36736.904,3339.7185
2011,12,8,5,10028.4882,2005.6976
2011,12,9,69,246535.5674,3572.9792
2011,12,10,21,78784.3996,3751.638
2012,1,1,43,882585.5744,20525.2459
2012,1,2,16,258034.6498,16127.1656
2012,1,3,15,469301.6672,31286.7778
2012,1,4,58,1076397.7058,18558.5811
2012,1,5,23,539891.587,23473.5472
2012,1,6,77,871163.4814,11313.8114
2012,1,7,12,37454.1576,3121.1798
2012,1,8,16,56676.2204,3542.2637
2012,1,9,59,209974.675,3558.8927
2012,1,10,17,56857.7258,3344.5721
2012,2,1,24,202967.399,8456.9749
2012,2,2,4,72290.7532,18072.6883
2012,2,3,5,108503.328,21700.6656
2012,2,4,56,317214.9712,5664.553
2012,2,5,8,277432.2305,34679.0288
2012,2,6,16,292250.1394,18265.6337
2012,2,7,15,42531.5294,2835.4352
2012,2,8,18,67541.0576,3752.2809
2012,2,9,64,233156.22,3643.0659
2012,2,10,9,35164.2718,3907.1413
2012,3,1,42,597747.7171,14232.0885
2012,3,2,9,159123.4253,17680.3805
2012,3,3,10,378951.7032,37895.1703
2012,3,4,76,870786.4432,11457.7163
2012,3,5,11,422086.7495,38371.5226
2012,3,6,43,512023.3877,11907.5206
2012,3,7,13,45038.8796,3464.5292
2012,3,8,20,55572.128,2778.6064
2012,3,9,70,255926.4028,3656.0914
2012,3,10,10,39090.6352,3909.0635
2012,4,1,35,266152.7055,7604.363
2012,4,2,7,138182.6675,19740.381
2012,4,3,8,198424.9678,24803.1209
2012,4,4,76,508824.1631,6695.0547
2012,4,5,13,137043.1447,10541.7803
2012,4,6,23,256883.8371,11168.8624
2012,4,7,18,61178.088,3398.7826
2012,4,8,17,53873.2404,3169.0141
2012,4,9,62,218605.3992,3525.8935
2012,4,10,10,32755.2906,3275.529
2012,5,1,47,473980.386,10084.689
2012,5,2,7,360682.8217,51526.1173
2012,5,3,8,306629.909,38328.7386
2012,5,4,61,727742.7069,11930.2083
2012,5,5,14,207981.0326,14855.788
2012,5,6,30,791858.7292,26395.2909
2012,5,7,18,145205.8256,8066.9903
2012,5,8,22,66298.5116,3013.5687
2012,5,9,70,236947.6869,3384.9669
2012,5,10,16,135596.8442,8474.8027
2012,6,1,61,718042.866,11771.1945
2012,6,2,15,474686.8313,31645.7887
2012,6,3,15,356299.3931,23753.2928
2012,6,4,80,1121872.1556,14023.4019
2012,6,5,20,360740.8495,18037.0424
2012,6,6,54,801847.9937,14849.0369
2012,6,7,29,343568.0111,11847.1727
2012,6,8,20,41468.3453,2073.4172
2012,6,9,64,140044.1276,2188.1894
2012,6,10,32,252076.6421,7877.395
2012,7,1,53,271034.3194,5113.855
2012,7,2,8,272889.458,34111.1822
2012,7,3,13,277345.6309,21334.2793
2012,7,4,88,1265968.341,14386.0038
2012,7,5,10,313524.3245,31352.4324
2012,7,6,53,707352.5028,13346.2736
2012,7,7,26,231318.9239,8896.8816
2012,7,8,18,34252.42,1902.9122
2012,7,9,74,160934.7041,2174.7932
2012,7,10,42,305610.8344,7276.4484
2012,8,1,36,318631.599,8850.8777
2012,8,2,8,319062.5452,39882.8181
2012,8,3,8,230176.6281,28772.0785
2012,8,4,44,508335.7495,11553.0852
2012,8,5,13,164670.5888,12666.9683
2012,8,6,22,466918.2463,21223.5566
2012,8,7,31,115288.927,3718.9976
2012,8,8,19,42222.2248,2222.2223
2012,8,9,69,145343.1446,2106.4223
2012,8,10,35,131801.5298,3765.7579
2012,9,1,37,612463.2578,16553.061
2012,9,2,14,432675.0012,30905.3572
2012,9,3,13,319422.4749,24570.9596
2012,9,4,50,926635.1822,18532.7036
2012,9,5,17,281003.6741,16529.6278
2012,9,6,44,602157.8386,13685.4054
2012,9,7,31,262701.4644,8474.2407
2012,9,8,19,35414.4552,1863.9186
2012,9,9,92,196248.6677,2133.1376
2012,9,10,35,213002.1699,6085.7762
2012,10,1,43,200788.7303,4669.5053
2012,10,2,8,202102.8341,25262.8542
2012,10,3,14,259583.7205,18541.6943
2012,10,4,66,820963.4263,12438.8397
2012,10,5,9,259212.5879,28801.3986
2012,10,6,34,561240.4432,16507.0718
2012,10,7,22,128921.0928,5860.0496
2012,10,8,28,58017.3748,2072.0491
2012,10,9,62,122565.2269,1976.8584
2012,10,10,35,244664.7602,6990.4217
2012,11,1,42,277598.4823,6609.4876
2012,11,2,8,269839.3504,33729.9188
2012,11,3,7,166677.7919,23811.1131
2012,11,4,62,402460.5763,6491.2996
2012,11,5,11,140842.1916,12803.8356
2012,11,6,26,319819.9578,12300.7676
2012,11,7,47,126524.7756,2692.0165
2012,11,8,32,57006.2577,1781.4455
2012,11,9,106,218008.4017,2056.683
2012,11,10,42,118375.3439,2818.4605
2012,12,1,47,503820.0194,10719.5748
2012,12,2,13,312669.4615,24051.497
2012,12,3,14,263550.7642,18825.0545
2012,12,4,60,781952.9214,13032.5486
2012,12,5,18,240254.6478,13347.4804
2012,12,6,38,416454.4645,10959.328
2012,12,7,28,203755.9788,7276.9992
2012,12,8,20,39485.9395,1974.2969
2012,12,9,100,210130.8046,2101.308
2012,12,10,40,204773.167,5119.3291
2013,1,1,35,132466.2661,3784.7504
2013,1,2,9,171608.4392,19067.6043
2013,1,3,14,202261.2412,14447.2315
2013,1,4,68,556150.6565,8178.6861
2013,1,5,10,157417.6261,15741.7626
2013,1,6,32,469186.4587,14662.0768
2013,1,7,35,121103.7535,3460.1072
2013,1,8,35,76864.5552,2196.1301
2013,1,9,118,245877.6662,2083.709
2013,1,10,44,207124.8894,4707.3838
2013,2,1,40,291095.5501,7277.3887
2013,2,2,8,377471.5013,47183.9376
2013,2,3,8,218487.6571,27310.9571
2013,2,4,35,485072.5154,13859.2147
2013,2,5,13,196642.7644,15126.3664
2013,2,6,24,519516.2921,21646.5121
2013,2,7,38,137170.7643,3609.7569
2013,2,8,30,62590.9246,2086.3641
2013,2,9,94,196345.3108,2088.7799
2013,2,10,35,115825.5866,3309.3024
2013,3,1,62,613562.8536,9896.175
2013,3,2,14,384092.3222,27435.1658
2013,3,3,15,319856.0998,21323.7399
2013,3,4,60,952570.7864,15876.1797
2013,3,5,19,240114.7286,12637.6172
2013,3,6,38,546868.6262,14391.2796
2013,3,7,41,276427.5385,6742.135
2013,3,8,37,73427.2432,1984.52
2013,3,9,115,238335.0813,2072.4789
2013,3,10,40,186350.6591,4658.7664
2013,4,1,46,166660.6948,3623.0585
2013,4,2,9,201615.3594,22401.7066
2013,4,3,15,248029.4033,16535.2935
2013,4,4,77,798483.3107,10369.9131
2013,4,5,11,235435.8362,21403.2578
2013,4,6,38,525728.9935,13834.9735
2013,4,7,36,154563.5524,4293.432
2013,4,8,38,62339.4351,1640.5114
2013,4,9,112,226708.5813,2024.1837
2013,4,10,46,221146.0067,4807.5218
2013,5,1,43,487428.2923,11335.5416
2013,5,2,7,215034.07,30719.1528
2013,5,3,7,244261.5401,34894.5057
2013,5,4,79,960385.9368,12156.784
2013,5,5,12,200163.8831,16680.3235
2013,5,6,17,576366.9462,33903.938
2013,5,7,57,168549.7237,2957.0126
2013,5,8,47,285165.5161,6067.3514
2013,5,9,119,281113.4128,2362.2975
2013,5,10,40,239615.625,5990.3906
2013,6,1,86,925474.2621,10761.3286
2013,6,2,17,323580.4705,19034.1453
2013,6,3,16,427596.4269,26724.7766
2013,6,4,131,929320.2688,7094.0478
2013,6,5,21,310417.2471,14781.7736
2013,6,6,60,685595.7924,11426.5965
2013,6,7,76,906054.8621,11921.7745
2013,6,8,76,408022.7238,5368.72
2013,6,9,146,425665.2739,2915.5155
2013,6,10,90,384537.9359,4272.6437
2013,7,1,264,794164.6992,3008.1996
2013,7,2,11,309096.1495,28099.6499
2013,7,3,13,392829.8676,30217.6821
2013,7,4,355,1088582.5182,3066.4296
2013,7,5,14,328279.6543,23448.5467
2013,7,6,290,830057.7188,2862.2679
2013,7,7,144,315764.7213,2192.8105
2013,7,8,151,253737.3584,1680.3798
2013,7,9,316,513157.5061,1623.9161
2013,7,10,182,696170.6511,3825.1134
2013,8,1,255,469177.0781,1839.9101
2013,8,2,7,212906.1634,30415.1662
2013,8,3,7,182924.001,26132.0001
2013,8,4,349,914450.2527,2620.2012
2013,8,5,12,181786.2846,15148.857
2013,8,6,245,525099.5787,2143.2635
2013,8,7,178,182206.0084,1023.6292
2013,8,8,157,345174.1461,2198.5614
2013,8,9,379,437404.2109,1154.1008
2013,8,10,200,282845.2793,1414.2263
2013,9,1,270,799611.4305,2961.5238
2013,9,2,18,204013.4618,11334.0812
2013,9,3,16,365911.419,22869.4636
2013,9,4,369,881995.0677,2390.2305
2013,9,5,21,263184.3583,12532.5884
2013,9,6,249,540507.2667,2170.7119
2013,9,7,135,802984.3449,5948.0321
2013,9,8,148,329338.7763,2225.262
2013,9,9,372,507732.4517,1364.8721
2013,9,10,193,388226.7605,2011.5376
2013,10,1,314,758382.8113,2415.2318
2013,10,2,12,250009.7312,20834.1442
2013,10,3,16,357515.0421,22344.6901
2013,10,4,407,933249.3282,2292.9958
2013,10,5,17,247661.2059,14568.3062
2013,10,6,297,904192.4585,3044.419
2013,10,7,159,302580.9188,1903.0246
2013,10,8,144,309418.6472,2148.7406
2013,10,9,390,636814.2598,1632.857
2013,10,10,212,674551.5388,3181.8468
2013,11,1,337,607461.2987,1802.5557
2013,11,2,9,157785.4202,17531.7133
2013,11,3,9,128235.4309,14248.3812
2013,11,4,418,900406.9175,2154.0835
2013,11,5,9,129411.7493,14379.0832
2013,11,6,272,398709.4663,1465.8436
2013,11,7,200,249111.1278,1245.5556
2013,11,8,192,319691.3244,1665.0589
2013,11,9,419,473749.5875,1130.6672
2013,11,10,238,330105.6772,1386.9986
2013,12,1,301,714015.4345,2372.1443
2013,12,2,17,158353.9397,9314.9376
2013,12,3,15,286428.1702,19095.2113
2013,12,4,377,838541.7814,2224.2487
2013,12,5,21,215215.6316,10248.3634
2013,12,6,322,488620.1013,1517.4537
2013,12,7,174,654501.9506,3761.5054
2013,12,8,180,343721.3208,1909.5628
2013,12,9,435,519500.7081,1194.2545
2013,12,10,208,341678.0576,1642.6829
2014,1,1,304,678867.4565,2233.1166
2014,1,2,13,219305.9481,16869.6883
2014,1,3,15,288678.4017,19245.2267
2014,1,4,439,873580.6416,1989.9331
2014,1,5,16,221293.923,13830.8701
2014,1,6,272,627153.8372,2305.7126
2014,1,7,197,282619.872,1434.6186
2014,1,8,181,317696.3359,1755.2283
2014,1,9,474,706516.467,1490.541
2014,1,10,230,582314.9879,2531.8042
2014,2,1,276,187160.4312,678.1175
2014,2,4,357,315234.674,883.0102
2014,2,6,221,85634.4781,387.4863
2014,2,7,164,129042.2022,786.8426
2014,2,8,158,174436.4154,1104.0279
2014,2,9,386,392463.3249,1016.7443
2014,2,10,194,194241.7662,1001.2462
2014,3,1,349,1306325.9255,3743.0542
2014,3,2,26,383580.5953,14753.0998
2014,3,3,23,452475.1385,19672.8321
2014,3,4,476,1666323.8367,3500.6803
2014,3,5,34,458278.4446,13478.7777
2014,3,6,314,1000057.8749,3184.8976
2014,3,7,220,935031.3994,4250.1427
2014,3,8,225,624737.6963,2776.6119
2014,3,9,484,714771.409,1476.8004
2014,3,10,248,555453.9935,2239.7338
2014,4,1,329,298756.9689,908.0758
2014,4,2,2,2660.0003,1330.0001
2014,4,3,2,132.5337,66.2668
2014,4,4,459,460905.2897,1004.1509
2014,4,5,2,2696.1006,1348.0503
2014,4,6,262,150477.0393,574.3398
2014,4,7,178,165860.3826,931.7999
2014,4,8,209,219775.0797,1051.5554
2014,4,9,450,456493.8311,1014.4307
2014,4,10,222,228128.9237,1027.6077
2014,5,1,377,873626.4491,2317.3115
2014,5,2,12,271184.062,22598.6718
2014,5,3,14,336163.1457,24011.6532
2014,5,4,472,1111630.949,2355.1503
2014,5,5,14,303545.8169,21681.844
2014,5,6,309,806807.7467,2611.0283
2014,5,7,211,352759.0653,1671.8439
2014,5,8,216,389254.5552,1802.1044
2014,5,9,511,790849.9923,1547.6516
2014,5,10,275,770361.4288,2801.3142
2014,6,1,172,10665.5863,62.0092
2014,6,4,180,9842.4166,54.68
2014,6,5,3,125.9258,41.9752
2014,6,6,196,11471.6179,58.5286
2014,6,7,69,3660.8774,53.0561
2014,6,8,69,3818.4399,55.3397
2014,6,9,168,9958.8176,59.2786
2014,6,10,82,4607.797,56.1926
